idx,project,filename,window_start,window_end,label,logits
82,phylloscopus_collybita,phylloscopus_collybita_676866_01.wav,0.0,5.0,chirp_staple,1.3727617
108,phylloscopus_collybita,phylloscopus_collybita_625809_02.wav,0.0,5.0,chirp_staple,0.30716377
213,phylloscopus_collybita,phylloscopus_collybita_679641_01.wav,0.0,5.0,chirp_staple,0.029938534
250,phylloscopus_collybita,phylloscopus_collybita_751194_01.wav,0.0,5.0,chirp_staple,2.126158
333,phylloscopus_collybita,phylloscopus_collybita_901615_01.wav,0.0,5.0,chirp_staple,0.27437973
344,phylloscopus_collybita,phylloscopus_collybita_395251_02.wav,0.0,5.0,chirp_staple,2.0666833
345,phylloscopus_collybita,phylloscopus_collybita_840609_04.wav,0.0,5.0,chirp_staple,0.03898423
405,phylloscopus_collybita,phylloscopus_collybita_613402_04.wav,0.0,5.0,chirp_staple,1.4297738
479,phylloscopus_collybita,phylloscopus_collybita_684488_01.wav,0.0,5.0,chirp_staple,0.7694655
500,phylloscopus_collybita,phylloscopus_collybita_198848_01.wav,0.0,5.0,chirp_staple,2.3001068
502,phylloscopus_collybita,phylloscopus_collybita_697350_03.wav,0.0,5.0,chirp_staple,2.12144
519,phylloscopus_collybita,phylloscopus_collybita_844367_03.wav,0.0,5.0,chirp_staple,0.5430783
530,phylloscopus_collybita,phylloscopus_collybita_688895_01.wav,0.0,5.0,chirp_staple,2.5615458
557,phylloscopus_collybita,phylloscopus_collybita_777228_04.wav,0.0,5.0,chirp_staple,0.45635462
598,phylloscopus_collybita,phylloscopus_collybita_750327_02.wav,0.0,5.0,chirp_staple,1.1665676
604,phylloscopus_collybita,phylloscopus_collybita_340687_04.wav,0.0,5.0,chirp_staple,0.010773726
656,phylloscopus_collybita,phylloscopus_collybita_283900_01.wav,0.0,5.0,chirp_staple,1.8768466
704,phylloscopus_collybita,phylloscopus_collybita_283252_05.wav,0.0,5.0,chirp_staple,1.9809167
720,phylloscopus_collybita,phylloscopus_collybita_608910_04.wav,0.0,5.0,chirp_staple,1.0777147
735,phylloscopus_collybita,phylloscopus_collybita_692418_02.wav,0.0,5.0,chirp_staple,0.3989935
736,phylloscopus_collybita,phylloscopus_collybita_773193_01.wav,0.0,5.0,chirp_staple,1.642034
791,phylloscopus_collybita,phylloscopus_collybita_608910_05.wav,0.0,5.0,chirp_staple,0.57642365
813,phylloscopus_collybita,phylloscopus_collybita_283252_04.wav,0.0,5.0,chirp_staple,2.0348325
945,phylloscopus_collybita,phylloscopus_collybita_763829_01.wav,0.0,5.0,chirp_staple,1.8361185
1002,phylloscopus_collybita,phylloscopus_collybita_763825_02.wav,0.0,5.0,chirp_staple,2.7684927
1012,phylloscopus_collybita,phylloscopus_collybita_692142_01.wav,0.0,5.0,chirp_staple,1.9673166
1017,phylloscopus_collybita,phylloscopus_collybita_701882_02.wav,0.0,5.0,chirp_staple,0.84666926
1100,phylloscopus_collybita,phylloscopus_collybita_615239_01.wav,0.0,5.0,chirp_staple,0.29073262
1223,phylloscopus_collybita,phylloscopus_collybita_395251_01.wav,0.0,5.0,chirp_staple,1.6349247
1263,phylloscopus_collybita,phylloscopus_collybita_763826_01.wav,0.0,5.0,chirp_staple,2.45549
1338,phylloscopus_collybita,phylloscopus_collybita_625864_01.wav,0.0,5.0,chirp_staple,1.5831401
1403,phylloscopus_collybita,phylloscopus_collybita_844367_01.wav,0.0,5.0,chirp_staple,0.63875854
1489,phylloscopus_collybita,phylloscopus_collybita_687044_01.wav,0.0,5.0,chirp_staple,2.7572587
1614,phylloscopus_collybita,phylloscopus_collybita_289029_02.wav,0.0,5.0,chirp_staple,0.70520455
1847,phylloscopus_collybita,phylloscopus_collybita_697350_02.wav,0.0,5.0,chirp_staple,1.7344692
1892,phylloscopus_collybita,phylloscopus_collybita_345066_04.wav,0.0,5.0,chirp_staple,0.7255003
1931,phylloscopus_collybita,phylloscopus_collybita_64016_05.wav,0.0,5.0,chirp_staple,1.3132546
2149,phylloscopus_collybita,phylloscopus_collybita_614324_05.wav,0.0,5.0,chirp_staple,0.5640536
2173,phylloscopus_collybita,phylloscopus_collybita_651356_03.wav,0.0,5.0,chirp_staple,0.6469811
2218,phylloscopus_collybita,phylloscopus_collybita_1056622_02.wav,0.0,5.0,chirp_staple,1.4059069
2219,phylloscopus_collybita,phylloscopus_collybita_689982_01.wav,0.0,5.0,chirp_staple,0.55852365
2341,phylloscopus_collybita,phylloscopus_collybita_608904_03.wav,0.0,5.0,chirp_staple,1.6189951
2450,phylloscopus_collybita,phylloscopus_collybita_1065221_02.wav,0.0,5.0,chirp_staple,0.5246608
2476,phylloscopus_collybita,phylloscopus_collybita_387296_04.wav,0.0,5.0,chirp_staple,0.4623261
2566,phylloscopus_collybita,phylloscopus_collybita_455697_03.wav,0.0,5.0,chirp_staple,0.012258947
2601,phylloscopus_collybita,phylloscopus_collybita_1052429_03.wav,0.0,5.0,chirp_staple,0.39617145
2652,phylloscopus_collybita,phylloscopus_collybita_633616_01.wav,0.0,5.0,chirp_staple,2.426119
2720,phylloscopus_collybita,phylloscopus_collybita_293139_02.wav,0.0,5.0,chirp_staple,0.10131094
2767,phylloscopus_collybita,phylloscopus_collybita_357796_01.wav,0.0,5.0,chirp_staple,1.7509359
3063,phylloscopus_collybita,phylloscopus_collybita_283252_03.wav,0.0,5.0,chirp_staple,2.7062607
3082,phylloscopus_collybita,phylloscopus_collybita_615558_01.wav,0.0,5.0,chirp_staple,1.7185999
3230,phylloscopus_collybita,phylloscopus_collybita_751194_02.wav,0.0,5.0,chirp_staple,1.4514217
3258,phylloscopus_collybita,phylloscopus_collybita_656943_01.wav,0.0,5.0,chirp_staple,2.6010594
3358,phylloscopus_collybita,phylloscopus_collybita_615850_03.wav,0.0,5.0,chirp_staple,0.10027228
3374,phylloscopus_collybita,phylloscopus_collybita_753963_01.wav,0.0,5.0,chirp_staple,1.4146771
3471,phylloscopus_collybita,phylloscopus_collybita_1008446_04.wav,0.0,5.0,chirp_staple,2.0036068
3480,phylloscopus_collybita,phylloscopus_collybita_340687_01.wav,0.0,5.0,chirp_staple,0.40029317
3697,phylloscopus_collybita,phylloscopus_collybita_342796_03.wav,0.0,5.0,chirp_staple,0.548896
3736,phylloscopus_collybita,phylloscopus_collybita_609204_01.wav,0.0,5.0,chirp_staple,0.25787753
3762,phylloscopus_collybita,phylloscopus_collybita_203982_01.wav,0.0,5.0,chirp_staple,1.7173573
3767,phylloscopus_collybita,phylloscopus_collybita_357796_03.wav,0.0,5.0,chirp_staple,2.347797
3793,phylloscopus_collybita,phylloscopus_collybita_687044_04.wav,0.0,5.0,chirp_staple,0.5155593
3842,phylloscopus_collybita,phylloscopus_collybita_981139_04.wav,0.0,5.0,chirp_staple,0.47701782
4182,phylloscopus_collybita,phylloscopus_collybita_508083_01.wav,0.0,5.0,chirp_staple,0.43200958
4225,phylloscopus_collybita,phylloscopus_collybita_608676_01.wav,0.0,5.0,chirp_staple,1.0499477
4269,phylloscopus_collybita,phylloscopus_collybita_614248_03.wav,0.0,5.0,chirp_staple,2.4568658
4286,phylloscopus_collybita,phylloscopus_collybita_903943_03.wav,0.0,5.0,chirp_staple,1.3516753
4287,phylloscopus_collybita,phylloscopus_collybita_703586_03.wav,0.0,5.0,chirp_staple,2.987186
4354,phylloscopus_collybita,phylloscopus_collybita_1072743_05.wav,0.0,5.0,chirp_staple,1.9009225
4392,phylloscopus_collybita,phylloscopus_collybita_689712_01.wav,0.0,5.0,chirp_staple,2.1519592
4573,phylloscopus_collybita,phylloscopus_collybita_692418_01.wav,0.0,5.0,chirp_staple,0.029240146
4630,phylloscopus_collybita,phylloscopus_collybita_757699_03.wav,0.0,5.0,chirp_staple,0.9921526
4653,phylloscopus_collybita,phylloscopus_collybita_611959_05.wav,0.0,5.0,chirp_staple,0.59875214
4768,phylloscopus_collybita,phylloscopus_collybita_1072743_04.wav,0.0,5.0,chirp_staple,2.6833577
4851,phylloscopus_collybita,phylloscopus_collybita_750327_01.wav,0.0,5.0,chirp_staple,1.1398169
4895,phylloscopus_collybita,phylloscopus_collybita_563784_02.wav,0.0,5.0,chirp_staple,1.5274017
4897,phylloscopus_collybita,phylloscopus_collybita_614689_05.wav,0.0,5.0,chirp_staple,0.90380657
4998,phylloscopus_collybita,phylloscopus_collybita_342796_01.wav,0.0,5.0,chirp_staple,1.3006562
5144,phylloscopus_collybita,phylloscopus_collybita_688262_01.wav,0.0,5.0,chirp_staple,0.346341
5209,phylloscopus_collybita,phylloscopus_collybita_1056622_03.wav,0.0,5.0,chirp_staple,1.9908934
5340,phylloscopus_collybita,phylloscopus_collybita_709304_01.wav,0.0,5.0,chirp_staple,0.7192031
5499,phylloscopus_collybita,phylloscopus_collybita_626842_01.wav,0.0,5.0,chirp_staple,0.5631303
5510,phylloscopus_collybita,phylloscopus_collybita_751088_01.wav,0.0,5.0,chirp_staple,1.1297884
5529,phylloscopus_collybita,phylloscopus_collybita_606417_03.wav,0.0,5.0,chirp_staple,0.46347743
5595,phylloscopus_collybita,phylloscopus_collybita_615766_02.wav,0.0,5.0,chirp_staple,1.0243646
5690,phylloscopus_collybita,phylloscopus_collybita_501001_01.wav,0.0,5.0,chirp_staple,0.14484853
5764,phylloscopus_collybita,phylloscopus_collybita_598604_02.wav,0.0,5.0,chirp_staple,1.0065763
5857,phylloscopus_collybita,phylloscopus_collybita_209028_01.wav,0.0,5.0,chirp_staple,0.40682822
6059,phylloscopus_collybita,phylloscopus_collybita_626322_01.wav,0.0,5.0,chirp_staple,0.28333962
6148,phylloscopus_collybita,phylloscopus_collybita_161765_01.wav,0.0,5.0,chirp_staple,1.2699094
6310,phylloscopus_collybita,phylloscopus_collybita_701883_02.wav,0.0,5.0,chirp_staple,1.2466547
6353,phylloscopus_collybita,phylloscopus_collybita_688262_02.wav,0.0,5.0,chirp_staple,0.7722915
6508,phylloscopus_collybita,phylloscopus_collybita_757699_02.wav,0.0,5.0,chirp_staple,0.753247
6640,phylloscopus_collybita,phylloscopus_collybita_738145_05.wav,0.0,5.0,chirp_staple,1.2060888
6648,phylloscopus_collybita,phylloscopus_collybita_64016_02.wav,0.0,5.0,chirp_staple,0.9669578
6657,phylloscopus_collybita,phylloscopus_collybita_198848_02.wav,0.0,5.0,chirp_staple,1.5911617
6677,phylloscopus_collybita,phylloscopus_collybita_626842_04.wav,0.0,5.0,chirp_staple,0.8196176
6715,phylloscopus_collybita,phylloscopus_collybita_681388_02.wav,0.0,5.0,chirp_staple,1.2679735
6721,phylloscopus_collybita,phylloscopus_collybita_981139_03.wav,0.0,5.0,chirp_staple,1.2591295
6742,phylloscopus_collybita,phylloscopus_collybita_504530_01.wav,0.0,5.0,chirp_staple,1.3247846
6761,phylloscopus_collybita,phylloscopus_collybita_777228_01.wav,0.0,5.0,chirp_staple,0.8685548
6772,phylloscopus_collybita,phylloscopus_collybita_611959_03.wav,0.0,5.0,chirp_staple,0.12122513
6808,phylloscopus_collybita,phylloscopus_collybita_614329_05.wav,0.0,5.0,chirp_staple,0.92904437
7115,phylloscopus_collybita,phylloscopus_collybita_612232_01.wav,0.0,5.0,chirp_staple,0.26162976
7370,phylloscopus_collybita,phylloscopus_collybita_357796_02.wav,0.0,5.0,chirp_staple,0.3793735
7376,phylloscopus_collybita,phylloscopus_collybita_357796_05.wav,0.0,5.0,chirp_staple,2.2623863
7477,phylloscopus_collybita,phylloscopus_collybita_439997_01.wav,0.0,5.0,chirp_staple,0.41240585
7532,phylloscopus_collybita,phylloscopus_collybita_283720_03.wav,0.0,5.0,chirp_staple,1.2732432
7547,phylloscopus_collybita,phylloscopus_collybita_283720_02.wav,0.0,5.0,chirp_staple,1.1734096
7596,phylloscopus_collybita,phylloscopus_collybita_701883_01.wav,0.0,5.0,chirp_staple,0.45919096
7810,phylloscopus_collybita,phylloscopus_collybita_614248_01.wav,0.0,5.0,chirp_staple,1.1064141
7843,phylloscopus_collybita,phylloscopus_collybita_701882_05.wav,0.0,5.0,chirp_staple,0.86932814
7856,phylloscopus_collybita,phylloscopus_collybita_701883_05.wav,0.0,5.0,chirp_staple,1.2360305
7861,phylloscopus_collybita,phylloscopus_collybita_601407_03.wav,0.0,5.0,chirp_staple,1.2143182
7954,phylloscopus_collybita,phylloscopus_collybita_614307_02.wav,0.0,5.0,chirp_staple,0.70525074
7958,phylloscopus_collybita,phylloscopus_collybita_721058_04.wav,0.0,5.0,chirp_staple,0.84448946
7974,phylloscopus_collybita,phylloscopus_collybita_342796_05.wav,0.0,5.0,chirp_staple,1.646813
7994,phylloscopus_collybita,phylloscopus_collybita_704550_01.wav,0.0,5.0,chirp_staple,0.7120062
8062,phylloscopus_collybita,phylloscopus_collybita_680274_02.wav,0.0,5.0,chirp_staple,1.4144508
8085,phylloscopus_collybita,phylloscopus_collybita_840609_02.wav,0.0,5.0,chirp_staple,1.0513005
8114,phylloscopus_collybita,phylloscopus_collybita_688739_01.wav,0.0,5.0,chirp_staple,0.6741901
8135,phylloscopus_collybita,phylloscopus_collybita_158419_02.wav,0.0,5.0,chirp_staple,0.1330588
8150,phylloscopus_collybita,phylloscopus_collybita_701882_04.wav,0.0,5.0,chirp_staple,1.6378214
8155,phylloscopus_collybita,phylloscopus_collybita_293139_03.wav,0.0,5.0,chirp_staple,0.42568994
8225,phylloscopus_collybita,phylloscopus_collybita_683536_01.wav,0.0,5.0,chirp_staple,2.2774944
8253,phylloscopus_collybita,phylloscopus_collybita_614324_01.wav,0.0,5.0,chirp_staple,0.65957355
8261,phylloscopus_collybita,phylloscopus_collybita_283720_05.wav,0.0,5.0,chirp_staple,2.0389867
8280,phylloscopus_collybita,phylloscopus_collybita_601407_01.wav,0.0,5.0,chirp_staple,1.0853636
8411,phylloscopus_collybita,phylloscopus_collybita_614329_04.wav,0.0,5.0,chirp_staple,0.5615345
8517,phylloscopus_collybita,phylloscopus_collybita_710805_01.wav,0.0,5.0,chirp_staple,0.122666076
8782,phylloscopus_collybita,phylloscopus_collybita_395251_03.wav,0.0,5.0,chirp_staple,1.4873621
8870,phylloscopus_collybita,phylloscopus_collybita_613402_01.wav,0.0,5.0,chirp_staple,0.57532793
8885,phylloscopus_collybita,phylloscopus_collybita_283900_02.wav,0.0,5.0,chirp_staple,1.6484447
8886,phylloscopus_collybita,phylloscopus_collybita_198847_01.wav,0.0,5.0,chirp_staple,0.40520412
8937,phylloscopus_collybita,phylloscopus_collybita_763829_03.wav,0.0,5.0,chirp_staple,1.5943696
8940,phylloscopus_collybita,phylloscopus_collybita_681388_01.wav,0.0,5.0,chirp_staple,1.791201
9001,phylloscopus_collybita,phylloscopus_collybita_598604_01.wav,0.0,5.0,chirp_staple,1.4949416
9026,phylloscopus_collybita,phylloscopus_collybita_903943_02.wav,0.0,5.0,chirp_staple,0.77903
9065,phylloscopus_collybita,phylloscopus_collybita_64016_01.wav,0.0,5.0,chirp_staple,1.2943407
9074,phylloscopus_collybita,phylloscopus_collybita_777228_03.wav,0.0,5.0,chirp_staple,1.5878885
9099,phylloscopus_collybita,phylloscopus_collybita_688895_02.wav,0.0,5.0,chirp_staple,1.8201823
9112,phylloscopus_collybita,phylloscopus_collybita_614325_02.wav,0.0,5.0,chirp_staple,1.1894135
9161,phylloscopus_collybita,phylloscopus_collybita_130671_02.wav,0.0,5.0,chirp_staple,2.1808832
9241,phylloscopus_collybita,phylloscopus_collybita_357796_04.wav,0.0,5.0,chirp_staple,2.5790017
9259,phylloscopus_collybita,phylloscopus_collybita_170531_01.wav,0.0,5.0,chirp_staple,1.5701345
9290,phylloscopus_collybita,phylloscopus_collybita_608904_01.wav,0.0,5.0,chirp_staple,1.7632391
9633,phylloscopus_collybita,phylloscopus_collybita_595445_01.wav,0.0,5.0,chirp_staple,1.2776493
9653,phylloscopus_collybita,phylloscopus_collybita_687676_01.wav,0.0,5.0,chirp_staple,0.071530074
9895,phylloscopus_collybita,phylloscopus_collybita_840609_03.wav,0.0,5.0,chirp_staple,0.8380651
9993,phylloscopus_collybita,phylloscopus_collybita_1046696_01.wav,0.0,5.0,chirp_staple,2.0564754
10013,phylloscopus_collybita,phylloscopus_collybita_738145_02.wav,0.0,5.0,chirp_staple,0.37672377
10023,phylloscopus_collybita,phylloscopus_collybita_1052429_02.wav,0.0,5.0,chirp_staple,0.5656056
10029,phylloscopus_collybita,phylloscopus_collybita_696727_01.wav,0.0,5.0,chirp_staple,0.17617925
10050,phylloscopus_collybita,phylloscopus_collybita_695641_01.wav,0.0,5.0,chirp_staple,1.7935345
10061,phylloscopus_collybita,phylloscopus_collybita_1065221_01.wav,0.0,5.0,chirp_staple,0.7966566
10113,phylloscopus_collybita,phylloscopus_collybita_680253_03.wav,0.0,5.0,chirp_staple,1.0103599
10122,phylloscopus_collybita,phylloscopus_collybita_297695_01.wav,0.0,5.0,chirp_staple,0.7788707
10169,phylloscopus_collybita,phylloscopus_collybita_563784_05.wav,0.0,5.0,chirp_staple,1.3660612
10188,phylloscopus_collybita,phylloscopus_collybita_595445_02.wav,0.0,5.0,chirp_staple,1.2782199
10198,phylloscopus_collybita,phylloscopus_collybita_357891_03.wav,0.0,5.0,chirp_staple,0.7446658
10226,phylloscopus_collybita,phylloscopus_collybita_283900_03.wav,0.0,5.0,chirp_staple,1.2987163
10239,phylloscopus_collybita,phylloscopus_collybita_502866_01.wav,0.0,5.0,chirp_staple,0.7923342
10259,phylloscopus_collybita,phylloscopus_collybita_340687_03.wav,0.0,5.0,chirp_staple,0.6173428
10315,phylloscopus_collybita,phylloscopus_collybita_606850_02.wav,0.0,5.0,chirp_staple,1.1120746
10326,phylloscopus_collybita,phylloscopus_collybita_282574_01.wav,0.0,5.0,chirp_staple,3.263764
10358,phylloscopus_collybita,phylloscopus_collybita_680274_04.wav,0.0,5.0,chirp_staple,1.82739
10505,phylloscopus_collybita,phylloscopus_collybita_283720_01.wav,0.0,5.0,chirp_staple,1.5055845
10568,phylloscopus_collybita,phylloscopus_collybita_763825_01.wav,0.0,5.0,chirp_staple,2.2902596
10601,phylloscopus_collybita,phylloscopus_collybita_611959_04.wav,0.0,5.0,chirp_staple,0.047617003
10680,phylloscopus_collybita,phylloscopus_collybita_836715_03.wav,0.0,5.0,chirp_staple,0.77599144
10708,phylloscopus_collybita,phylloscopus_collybita_402167_02.wav,0.0,5.0,chirp_staple,1.4049209
10842,phylloscopus_collybita,phylloscopus_collybita_738145_04.wav,0.0,5.0,chirp_staple,1.3020842
10854,phylloscopus_collybita,phylloscopus_collybita_696777_01.wav,0.0,5.0,chirp_staple,0.4773445
10899,phylloscopus_collybita,phylloscopus_collybita_601407_04.wav,0.0,5.0,chirp_staple,1.847328
10941,phylloscopus_collybita,phylloscopus_collybita_703586_04.wav,0.0,5.0,chirp_staple,3.0152438
10961,phylloscopus_collybita,phylloscopus_collybita_756755_01.wav,0.0,5.0,chirp_staple,1.4370086
11029,phylloscopus_collybita,phylloscopus_collybita_701883_04.wav,0.0,5.0,chirp_staple,1.3173499
11059,phylloscopus_collybita,phylloscopus_collybita_614329_03.wav,0.0,5.0,chirp_staple,1.0219827
11085,phylloscopus_collybita,phylloscopus_collybita_783643_01.wav,0.0,5.0,chirp_staple,2.282349
11173,phylloscopus_collybita,phylloscopus_collybita_608904_02.wav,0.0,5.0,chirp_staple,1.8463832
11258,phylloscopus_collybita,phylloscopus_collybita_704550_02.wav,0.0,5.0,chirp_staple,0.45197964
11344,phylloscopus_collybita,phylloscopus_collybita_343872_01.wav,0.0,5.0,chirp_staple,0.7486327
11364,phylloscopus_collybita,phylloscopus_collybita_783643_02.wav,0.0,5.0,chirp_staple,2.487147
11387,phylloscopus_collybita,phylloscopus_collybita_592754_01.wav,0.0,5.0,chirp_staple,1.7640429
11403,phylloscopus_collybita,phylloscopus_collybita_709303_03.wav,0.0,5.0,chirp_staple,0.41162294
11480,phylloscopus_collybita,phylloscopus_collybita_738145_01.wav,0.0,5.0,chirp_staple,0.113706574
11571,phylloscopus_collybita,phylloscopus_collybita_692175_01.wav,0.0,5.0,chirp_staple,0.7936988
11632,phylloscopus_collybita,phylloscopus_collybita_614330_01.wav,0.0,5.0,chirp_staple,1.1627026
11679,phylloscopus_collybita,phylloscopus_collybita_680274_03.wav,0.0,5.0,chirp_staple,1.1798021
11692,phylloscopus_collybita,phylloscopus_collybita_608904_04.wav,0.0,5.0,chirp_staple,1.1500441
11727,phylloscopus_collybita,phylloscopus_collybita_89982_01.wav,0.0,5.0,chirp_staple,0.3717028
11752,phylloscopus_collybita,phylloscopus_collybita_1072743_03.wav,0.0,5.0,chirp_staple,2.6024578
11849,phylloscopus_collybita,phylloscopus_collybita_1052429_01.wav,0.0,5.0,chirp_staple,0.35233927
11926,phylloscopus_collybita,phylloscopus_collybita_672579_01.wav,0.0,5.0,chirp_staple,1.2591347
11987,phylloscopus_collybita,phylloscopus_collybita_608908_02.wav,0.0,5.0,chirp_staple,0.37056637
12120,phylloscopus_collybita,phylloscopus_collybita_293139_01.wav,0.0,5.0,chirp_staple,0.016518526
12203,phylloscopus_collybita,phylloscopus_collybita_402167_01.wav,0.0,5.0,chirp_staple,2.2966242
12229,phylloscopus_collybita,phylloscopus_collybita_696777_04.wav,0.0,5.0,chirp_staple,0.556567
12268,phylloscopus_collybita,phylloscopus_collybita_738145_03.wav,0.0,5.0,chirp_staple,1.1795911
12278,phylloscopus_collybita,phylloscopus_collybita_608910_01.wav,0.0,5.0,chirp_staple,1.5471716
12453,phylloscopus_collybita,phylloscopus_collybita_680970_01.wav,0.0,5.0,chirp_staple,0.70382804
12485,phylloscopus_collybita,phylloscopus_collybita_1072743_01.wav,0.0,5.0,chirp_staple,2.9358425
12588,phylloscopus_collybita,phylloscopus_collybita_696777_03.wav,0.0,5.0,chirp_staple,1.4396302
12714,phylloscopus_collybita,phylloscopus_collybita_614248_02.wav,0.0,5.0,chirp_staple,1.5768557
12716,phylloscopus_collybita,phylloscopus_collybita_345066_05.wav,0.0,5.0,chirp_staple,0.16073088
12733,phylloscopus_collybita,phylloscopus_collybita_592754_02.wav,0.0,5.0,chirp_staple,1.2536919
12791,phylloscopus_collybita,phylloscopus_collybita_758308_01.wav,0.0,5.0,chirp_staple,1.5058346
12895,phylloscopus_collybita,phylloscopus_collybita_728198_03.wav,0.0,5.0,chirp_staple,0.535993
12931,phylloscopus_collybita,phylloscopus_collybita_680969_01.wav,0.0,5.0,chirp_staple,0.81669986
13214,phylloscopus_collybita,phylloscopus_collybita_689712_02.wav,0.0,5.0,chirp_staple,0.98880196
13224,phylloscopus_collybita,phylloscopus_collybita_702696_01.wav,0.0,5.0,chirp_staple,1.5721576
13377,phylloscopus_collybita,phylloscopus_collybita_680274_01.wav,0.0,5.0,chirp_staple,1.6816323
13477,phylloscopus_collybita,phylloscopus_collybita_613176_02.wav,0.0,5.0,chirp_staple,0.18058044
13512,phylloscopus_collybita,phylloscopus_collybita_687044_03.wav,0.0,5.0,chirp_staple,2.0999422
13569,phylloscopus_collybita,phylloscopus_collybita_696777_02.wav,0.0,5.0,chirp_staple,0.92895037
13576,phylloscopus_collybita,phylloscopus_collybita_89982_03.wav,0.0,5.0,chirp_staple,0.6782019
13586,phylloscopus_collybita,phylloscopus_collybita_615766_01.wav,0.0,5.0,chirp_staple,0.7574908
13628,phylloscopus_collybita,phylloscopus_collybita_608908_01.wav,0.0,5.0,chirp_staple,1.6939714
13652,phylloscopus_collybita,phylloscopus_collybita_615003_01.wav,0.0,5.0,chirp_staple,2.051594
13686,phylloscopus_collybita,phylloscopus_collybita_776122_01.wav,0.0,5.0,chirp_staple,1.2907151
13697,phylloscopus_collybita,phylloscopus_collybita_1072743_02.wav,0.0,5.0,chirp_staple,2.736083
13748,phylloscopus_collybita,phylloscopus_collybita_198847_04.wav,0.0,5.0,chirp_staple,1.4755824
13902,phylloscopus_collybita,phylloscopus_collybita_342796_04.wav,0.0,5.0,chirp_staple,0.24438272
13939,phylloscopus_collybita,phylloscopus_collybita_1008446_05.wav,0.0,5.0,chirp_staple,2.4906225
13971,phylloscopus_collybita,phylloscopus_collybita_614689_04.wav,0.0,5.0,chirp_staple,1.4785254
13973,phylloscopus_collybita,phylloscopus_collybita_981139_02.wav,0.0,5.0,chirp_staple,1.1169715
13991,phylloscopus_collybita,phylloscopus_collybita_608907_02.wav,0.0,5.0,chirp_staple,0.2779854
13993,phylloscopus_collybita,phylloscopus_collybita_170532_01.wav,0.0,5.0,chirp_staple,0.9951391
14088,phylloscopus_collybita,phylloscopus_collybita_594071_01.wav,0.0,5.0,chirp_staple,1.6375214
14317,phylloscopus_collybita,phylloscopus_collybita_606850_01.wav,0.0,5.0,chirp_staple,1.1458306
14346,phylloscopus_collybita,phylloscopus_collybita_203983_02.wav,0.0,5.0,chirp_staple,2.5499444
14372,phylloscopus_collybita,phylloscopus_collybita_613402_02.wav,0.0,5.0,chirp_staple,2.0206864
14389,phylloscopus_collybita,phylloscopus_collybita_687044_02.wav,0.0,5.0,chirp_staple,2.595923
14457,phylloscopus_collybita,phylloscopus_collybita_537858_01.wav,0.0,5.0,chirp_staple,0.08132821
14505,phylloscopus_collybita,phylloscopus_collybita_760999_01.wav,0.0,5.0,chirp_staple,0.6068678
14522,phylloscopus_collybita,phylloscopus_collybita_563784_04.wav,0.0,5.0,chirp_staple,1.3792868
14535,phylloscopus_collybita,phylloscopus_collybita_672579_02.wav,0.0,5.0,chirp_staple,1.4348199
14560,phylloscopus_collybita,phylloscopus_collybita_681388_04.wav,0.0,5.0,chirp_staple,0.9428885
14662,phylloscopus_collybita,phylloscopus_collybita_980806_01.wav,0.0,5.0,chirp_staple,1.0580578
14697,phylloscopus_collybita,phylloscopus_collybita_502866_03.wav,0.0,5.0,chirp_staple,0.17982106
14769,phylloscopus_collybita,phylloscopus_collybita_656949_02.wav,0.0,5.0,chirp_staple,1.2126925
15139,phylloscopus_collybita,phylloscopus_collybita_198847_02.wav,0.0,5.0,chirp_staple,1.9487141
15253,phylloscopus_collybita,phylloscopus_collybita_703586_01.wav,0.0,5.0,chirp_staple,2.640966
15419,phylloscopus_collybita,phylloscopus_collybita_836715_01.wav,0.0,5.0,chirp_staple,0.23025347
15670,phylloscopus_collybita,phylloscopus_collybita_697350_01.wav,0.0,5.0,chirp_staple,1.5711995
15707,phylloscopus_collybita,phylloscopus_collybita_89982_02.wav,0.0,5.0,chirp_staple,0.88865584
15759,phylloscopus_collybita,phylloscopus_collybita_283720_04.wav,0.0,5.0,chirp_staple,1.7154889
15782,phylloscopus_collybita,phylloscopus_collybita_980803_01.wav,0.0,5.0,chirp_staple,0.50227165
15981,phylloscopus_collybita,phylloscopus_collybita_681388_03.wav,0.0,5.0,chirp_staple,1.3111594
16000,phylloscopus_collybita,phylloscopus_collybita_596582_03.wav,0.0,5.0,chirp_staple,0.7000461
16038,phylloscopus_collybita,phylloscopus_collybita_342796_02.wav,0.0,5.0,chirp_staple,0.5499105
16074,phylloscopus_collybita,phylloscopus_collybita_394382_05.wav,0.0,5.0,chirp_staple,0.57949317
16099,phylloscopus_collybita,phylloscopus_collybita_981139_01.wav,0.0,5.0,chirp_staple,1.858327
16117,phylloscopus_collybita,phylloscopus_collybita_614329_02.wav,0.0,5.0,chirp_staple,1.4711562
16344,phylloscopus_collybita,phylloscopus_collybita_613176_04.wav,0.0,5.0,chirp_staple,1.0561887
16349,phylloscopus_collybita,phylloscopus_collybita_357891_04.wav,0.0,5.0,chirp_staple,1.4184811
16518,phylloscopus_collybita,phylloscopus_collybita_608875_02.wav,0.0,5.0,chirp_staple,1.1418242
16580,phylloscopus_collybita,phylloscopus_collybita_780023_01.wav,0.0,5.0,chirp_staple,0.3210433
16586,phylloscopus_collybita,phylloscopus_collybita_316432_02.wav,0.0,5.0,chirp_staple,0.3841924
16593,phylloscopus_collybita,phylloscopus_collybita_357891_02.wav,0.0,5.0,chirp_staple,1.3667729
16822,phylloscopus_collybita,phylloscopus_collybita_594599_01.wav,0.0,5.0,chirp_staple,0.54647183
16861,phylloscopus_collybita,phylloscopus_collybita_613402_05.wav,0.0,5.0,chirp_staple,0.1541303
16875,phylloscopus_collybita,phylloscopus_collybita_692365_01.wav,0.0,5.0,chirp_staple,0.50075066
16937,phylloscopus_collybita,phylloscopus_collybita_844367_04.wav,0.0,5.0,chirp_staple,1.1275616
16951,phylloscopus_collybita,phylloscopus_collybita_591503_02.wav,0.0,5.0,chirp_staple,0.39150923
17067,phylloscopus_collybita,phylloscopus_collybita_689982_02.wav,0.0,5.0,chirp_staple,0.06145961
17153,phylloscopus_collybita,phylloscopus_collybita_504530_02.wav,0.0,5.0,chirp_staple,1.5012949
17157,phylloscopus_collybita,phylloscopus_collybita_614689_02.wav,0.0,5.0,chirp_staple,1.084985
17163,phylloscopus_collybita,phylloscopus_collybita_513459_01.wav,0.0,5.0,chirp_staple,0.010647252
17193,phylloscopus_collybita,phylloscopus_collybita_757403_01.wav,0.0,5.0,chirp_staple,0.35050124
17226,phylloscopus_collybita,phylloscopus_collybita_1050406_01.wav,0.0,5.0,chirp_staple,0.5840132
17293,phylloscopus_collybita,phylloscopus_collybita_701883_03.wav,0.0,5.0,chirp_staple,1.5029831
17375,phylloscopus_collybita,phylloscopus_collybita_211141_02.wav,0.0,5.0,chirp_staple,0.0025852844
17453,phylloscopus_collybita,phylloscopus_collybita_595445_03.wav,0.0,5.0,chirp_staple,1.3882709
17518,phylloscopus_collybita,phylloscopus_collybita_614689_03.wav,0.0,5.0,chirp_staple,0.80056804
17551,phylloscopus_collybita,phylloscopus_collybita_656949_01.wav,0.0,5.0,chirp_staple,1.2541628
17581,phylloscopus_collybita,phylloscopus_collybita_979990_01.wav,0.0,5.0,chirp_staple,0.010206595
17653,phylloscopus_collybita,phylloscopus_collybita_1008446_03.wav,0.0,5.0,chirp_staple,2.5091298
17660,phylloscopus_collybita,phylloscopus_collybita_608907_03.wav,0.0,5.0,chirp_staple,1.9159055
17767,phylloscopus_collybita,phylloscopus_collybita_763824_01.wav,0.0,5.0,chirp_staple,2.4811347
17770,phylloscopus_collybita,phylloscopus_collybita_625810_01.wav,0.0,5.0,chirp_staple,0.6335207
17906,phylloscopus_collybita,phylloscopus_collybita_615850_05.wav,0.0,5.0,chirp_staple,0.7618123
18010,phylloscopus_collybita,phylloscopus_collybita_596582_01.wav,0.0,5.0,chirp_staple,0.54729253
18164,phylloscopus_collybita,phylloscopus_collybita_608910_03.wav,0.0,5.0,chirp_staple,1.0271131
18229,phylloscopus_collybita,phylloscopus_collybita_1056622_01.wav,0.0,5.0,chirp_staple,2.2967606
18254,phylloscopus_collybita,phylloscopus_collybita_751088_02.wav,0.0,5.0,chirp_staple,1.3491247
18301,phylloscopus_collybita,phylloscopus_collybita_592754_04.wav,0.0,5.0,chirp_staple,1.7544785
18468,phylloscopus_collybita,phylloscopus_collybita_703586_02.wav,0.0,5.0,chirp_staple,2.5224724
18484,phylloscopus_collybita,phylloscopus_collybita_1041422_01.wav,0.0,5.0,chirp_staple,1.3577281
18697,phylloscopus_collybita,phylloscopus_collybita_394382_03.wav,0.0,5.0,chirp_staple,1.2410848
18726,phylloscopus_collybita,phylloscopus_collybita_614307_03.wav,0.0,5.0,chirp_staple,0.9475227
18906,phylloscopus_collybita,phylloscopus_collybita_709303_01.wav,0.0,5.0,chirp_staple,0.40097886
19037,phylloscopus_collybita,phylloscopus_collybita_749422_01.wav,0.0,5.0,chirp_staple,2.5269144
19056,phylloscopus_collybita,phylloscopus_collybita_625809_01.wav,0.0,5.0,chirp_staple,0.44406772
19082,phylloscopus_collybita,phylloscopus_collybita_508083_03.wav,0.0,5.0,chirp_staple,0.7806001
19096,phylloscopus_collybita,phylloscopus_collybita_1052429_04.wav,0.0,5.0,chirp_staple,0.21594064
19116,phylloscopus_collybita,phylloscopus_collybita_508083_04.wav,0.0,5.0,chirp_staple,0.21934353
19141,phylloscopus_collybita,phylloscopus_collybita_613402_03.wav,0.0,5.0,chirp_staple,1.2495165
19170,phylloscopus_collybita,phylloscopus_collybita_681388_05.wav,0.0,5.0,chirp_staple,0.9492571
19202,phylloscopus_collybita,phylloscopus_collybita_283900_05.wav,0.0,5.0,chirp_staple,1.604649
19291,phylloscopus_collybita,phylloscopus_collybita_1052429_05.wav,0.0,5.0,chirp_staple,0.42032403
19388,phylloscopus_collybita,phylloscopus_collybita_614325_01.wav,0.0,5.0,chirp_staple,0.92199767
19420,phylloscopus_collybita,phylloscopus_collybita_839372_02.wav,0.0,5.0,chirp_staple,0.59308904
19427,phylloscopus_collybita,phylloscopus_collybita_763827_01.wav,0.0,5.0,chirp_staple,1.6544348
19467,phylloscopus_collybita,phylloscopus_collybita_615850_04.wav,0.0,5.0,chirp_staple,0.8708664
19608,phylloscopus_collybita,phylloscopus_collybita_615850_01.wav,0.0,5.0,chirp_staple,0.1332798
19613,phylloscopus_collybita,phylloscopus_collybita_387296_01.wav,0.0,5.0,chirp_staple,0.4645856
19710,phylloscopus_collybita,phylloscopus_collybita_508083_05.wav,0.0,5.0,chirp_staple,0.35595757
19774,phylloscopus_collybita,phylloscopus_collybita_656948_01.wav,0.0,5.0,chirp_staple,0.9181136
19796,phylloscopus_collybita,phylloscopus_collybita_394382_02.wav,0.0,5.0,chirp_staple,0.92320013
19843,phylloscopus_collybita,phylloscopus_collybita_748798_01.wav,0.0,5.0,chirp_staple,0.05021523
19932,phylloscopus_collybita,phylloscopus_collybita_1008446_02.wav,0.0,5.0,chirp_staple,2.6784258
20052,phylloscopus_collybita,phylloscopus_collybita_680253_01.wav,0.0,5.0,chirp_staple,0.71527755
20067,phylloscopus_collybita,phylloscopus_collybita_563784_03.wav,0.0,5.0,chirp_staple,1.2851546
20081,phylloscopus_collybita,phylloscopus_collybita_626842_02.wav,0.0,5.0,chirp_staple,0.89861816
20085,phylloscopus_collybita,phylloscopus_collybita_681954_02.wav,0.0,5.0,chirp_staple,1.1315107
20168,phylloscopus_collybita,phylloscopus_collybita_283900_04.wav,0.0,5.0,chirp_staple,2.4402266
20256,phylloscopus_collybita,phylloscopus_collybita_680275_02.wav,0.0,5.0,chirp_staple,1.8558319
20305,phylloscopus_collybita,phylloscopus_collybita_614329_01.wav,0.0,5.0,chirp_staple,1.7071404
20339,phylloscopus_collybita,phylloscopus_collybita_203982_02.wav,0.0,5.0,chirp_staple,2.4781907
20344,phylloscopus_collybita,phylloscopus_collybita_901615_02.wav,0.0,5.0,chirp_staple,0.24730508
20422,phylloscopus_collybita,phylloscopus_collybita_840609_01.wav,0.0,5.0,chirp_staple,0.5506623
20430,phylloscopus_collybita,phylloscopus_collybita_283252_02.wav,0.0,5.0,chirp_staple,2.312819
20498,phylloscopus_collybita,phylloscopus_collybita_721058_02.wav,0.0,5.0,chirp_staple,0.011693105
20499,phylloscopus_collybita,phylloscopus_collybita_293139_04.wav,0.0,5.0,chirp_staple,0.1289327
20527,phylloscopus_collybita,phylloscopus_collybita_316386_01.wav,0.0,5.0,chirp_staple,0.083007455
20606,phylloscopus_collybita,phylloscopus_collybita_737134_01.wav,0.0,5.0,chirp_staple,0.66777897
20625,phylloscopus_collybita,phylloscopus_collybita_615850_02.wav,0.0,5.0,chirp_staple,0.8482598
20628,phylloscopus_collybita,phylloscopus_collybita_679029_01.wav,0.0,5.0,chirp_staple,1.3494573
20782,phylloscopus_collybita,phylloscopus_collybita_601407_02.wav,0.0,5.0,chirp_staple,1.1061525
20805,phylloscopus_collybita,phylloscopus_collybita_395251_04.wav,0.0,5.0,chirp_staple,1.0533953
21060,phylloscopus_collybita,phylloscopus_collybita_839372_01.wav,0.0,5.0,chirp_staple,0.30431753
21097,phylloscopus_collybita,phylloscopus_collybita_164656_01.wav,0.0,5.0,chirp_staple,0.29053503
21117,phylloscopus_collybita,phylloscopus_collybita_626842_05.wav,0.0,5.0,chirp_staple,1.1668289
21138,phylloscopus_collybita,phylloscopus_collybita_701882_01.wav,0.0,5.0,chirp_staple,1.7106729
21264,phylloscopus_collybita,phylloscopus_collybita_844367_02.wav,0.0,5.0,chirp_staple,0.6199659
21359,phylloscopus_collybita,phylloscopus_collybita_763829_02.wav,0.0,5.0,chirp_staple,2.1346667
21364,phylloscopus_collybita,phylloscopus_collybita_289029_01.wav,0.0,5.0,chirp_staple,0.87931347
21376,phylloscopus_collybita,phylloscopus_collybita_608906_01.wav,0.0,5.0,chirp_staple,1.3185093
21416,phylloscopus_collybita,phylloscopus_collybita_606389_01.wav,0.0,5.0,chirp_staple,0.048805922
21446,phylloscopus_collybita,phylloscopus_collybita_592754_03.wav,0.0,5.0,chirp_staple,1.7452807
21672,phylloscopus_collybita,phylloscopus_collybita_608904_05.wav,0.0,5.0,chirp_staple,2.1605132
21724,phylloscopus_collybita,phylloscopus_collybita_614307_01.wav,0.0,5.0,chirp_staple,0.44014955
21844,phylloscopus_collybita,phylloscopus_collybita_203983_01.wav,0.0,5.0,chirp_staple,2.0462692
21987,phylloscopus_collybita,phylloscopus_collybita_836715_04.wav,0.0,5.0,chirp_staple,1.3435781
22029,phylloscopus_collybita,phylloscopus_collybita_748800_01.wav,0.0,5.0,chirp_staple,1.561008
22124,phylloscopus_collybita,phylloscopus_collybita_357891_01.wav,0.0,5.0,chirp_staple,1.0715848
22192,phylloscopus_collybita,phylloscopus_collybita_394382_01.wav,0.0,5.0,chirp_staple,0.5282083
22220,phylloscopus_collybita,phylloscopus_collybita_608875_01.wav,0.0,5.0,chirp_staple,2.3259304
22236,phylloscopus_collybita,phylloscopus_collybita_1041274_01.wav,0.0,5.0,chirp_staple,0.89963055
22258,phylloscopus_collybita,phylloscopus_collybita_394382_04.wav,0.0,5.0,chirp_staple,0.9123819
22370,phylloscopus_collybita,phylloscopus_collybita_680275_01.wav,0.0,5.0,chirp_staple,2.0654764
22392,phylloscopus_collybita,phylloscopus_collybita_981139_05.wav,0.0,5.0,chirp_staple,1.248673
22429,phylloscopus_collybita,phylloscopus_collybita_709303_02.wav,0.0,5.0,chirp_staple,1.5510972
22481,phylloscopus_collybita,phylloscopus_collybita_206464_01.wav,0.0,5.0,chirp_staple,0.90486145
22563,phylloscopus_collybita,phylloscopus_collybita_607628_03.wav,0.0,5.0,chirp_staple,0.053773686
22582,phylloscopus_collybita,phylloscopus_collybita_130671_01.wav,0.0,5.0,chirp_staple,2.1396208
22599,phylloscopus_collybita,phylloscopus_collybita_701882_03.wav,0.0,5.0,chirp_staple,1.7331522
22727,phylloscopus_collybita,phylloscopus_collybita_836715_02.wav,0.0,5.0,chirp_staple,2.3337517
22889,phylloscopus_collybita,phylloscopus_collybita_679029_02.wav,0.0,5.0,chirp_staple,1.0951412
22897,phylloscopus_collybita,phylloscopus_collybita_171380_02.wav,0.0,5.0,chirp_staple,0.5064567
22998,phylloscopus_collybita,phylloscopus_collybita_680253_04.wav,0.0,5.0,chirp_staple,1.2534885
23084,phylloscopus_collybita,phylloscopus_collybita_613176_01.wav,0.0,5.0,chirp_staple,0.6287063
23103,phylloscopus_collybita,phylloscopus_collybita_1008446_01.wav,0.0,5.0,chirp_staple,2.2417426
23267,phylloscopus_collybita,phylloscopus_collybita_783489_01.wav,0.0,5.0,chirp_staple,0.08882953
23359,phylloscopus_collybita,phylloscopus_collybita_604563_01.wav,0.0,5.0,chirp_staple,2.4898489
23393,phylloscopus_collybita,phylloscopus_collybita_198847_03.wav,0.0,5.0,chirp_staple,2.1057222
23402,phylloscopus_collybita,phylloscopus_collybita_903943_01.wav,0.0,5.0,chirp_staple,1.1171479
23692,phylloscopus_collybita,phylloscopus_collybita_608907_01.wav,0.0,5.0,chirp_staple,1.0571342
23717,phylloscopus_collybita,phylloscopus_collybita_757699_01.wav,0.0,5.0,chirp_staple,1.0154395
23798,phylloscopus_collybita,phylloscopus_collybita_502866_02.wav,0.0,5.0,chirp_staple,0.7521296
23816,phylloscopus_collybita,phylloscopus_collybita_777228_02.wav,0.0,5.0,chirp_staple,1.5211456
23825,phylloscopus_collybita,phylloscopus_collybita_203982_03.wav,0.0,5.0,chirp_staple,2.0921128
23917,phylloscopus_collybita,phylloscopus_collybita_465265_01.wav,0.0,5.0,chirp_staple,0.3533407
24037,phylloscopus_collybita,phylloscopus_collybita_380268_01.wav,0.0,5.0,chirp_staple,1.2962885
24045,phylloscopus_collybita,phylloscopus_collybita_608910_02.wav,0.0,5.0,chirp_staple,1.0112271
24071,phylloscopus_collybita,phylloscopus_collybita_614689_01.wav,0.0,5.0,chirp_staple,1.137681
24103,phylloscopus_collybita,phylloscopus_collybita_903809_01.wav,0.0,5.0,chirp_staple,0.35137606
24233,phylloscopus_collybita,phylloscopus_collybita_681954_01.wav,0.0,5.0,chirp_staple,1.4789166
24415,phylloscopus_collybita,phylloscopus_collybita_626842_03.wav,0.0,5.0,chirp_staple,0.9615121
24459,phylloscopus_collybita,phylloscopus_collybita_283252_01.wav,0.0,5.0,chirp_staple,3.0085628
